ID,Day,Month,Year,Product_ID,Units_Sold,Unit_Price,Total_Sales
1,17,8,2022,P1020,39,176.18,6871.02
2,21,1,2023,P1003,59,474.66,28004.94
3,24,6,2023,P1002,100,122.47,12247.0
4,22,6,2024,P1001,85,30.64,2604.4
5,11,10,2022,P1003,47,494.79,23255.13
6,21,7,2022,P1002,85,61.46,5224.1
7,24,12,2023,P1003,66,160.1,10566.6
8,1,12,2024,P1012,90,182.2,16398.0
9,17,8,2024,P1017,80,203.94,16315.2
10,28,12,2023,P1011,88,221.86,19523.68
11,26,9,2022,P1007,24,136.42,3274.08
12,26,3,2024,P1016,55,48.52,2668.6
13,25,6,2024,P1006,23,81.22,1868.06
14,15,11,2023,P1014,42,346.61,14557.62
15,27,4,2023,P1010,94,219.17,20601.98
16,24,12,2022,P1007,81,408.25,33068.25
17,23,7,2024,P1015,31,116.58,3613.98
18,18,5,2024,P1014,43,393.94,16939.42
19,14,10,2024,P1008,99,214.83,21268.17
20,18,6,2024,P1019,14,485.53,6797.42
21,14,3,2022,P1008,79,195.07,15410.53
22,18,1,2022,P1020,75,56.37,4227.75
23,21,12,2022,P1010,97,389.04,37736.88
24,18,9,2024,P1009,73,269.73,19690.29
25,27,11,2023,P1003,62,198.7,12319.4
26,28,11,2023,P1015,99,311.19,30807.81
27,13,11,2024,P1014,3,376.91,1130.73
28,3,1,2024,P1013,86,75.79,6517.94
29,13,7,2023,P1010,88,377.97,33261.36
30,7,8,2024,P1014,74,46.48,3439.52
31,15,2,2023,P1004,22,446.9,9831.8
32,24,2,2022,P1010,14,376.01,5264.14
33,22,9,2022,P1004,28,491.5,13762.0
34,9,9,2023,P1004,54,379.13,20473.02
35,9,5,2024,P1002,56,256.29,14352.24
36,13,5,2022,P1018,11,267.23,2939.53
37,20,5,2024,P1013,48,112.89,5418.72
38,18,3,2023,P1014,48,404.16,19399.68
39,17,6,2024,P1008,11,280.69,3087.59
40,7,2,2023,P1012,13,233.82,3039.66
41,23,4,2022,P1009,26,175.69,4567.94
42,1,4,2023,P1006,61,147.49,8996.89
43,11,1,2024,P1011,29,237.01,6873.29
44,10,6,2022,P1020,63,486.36,30640.68
45,2,5,2023,P1010,36,277.92,10005.12
46,14,12,2023,P1013,91,306.48,27889.68
47,7,5,2022,P1013,81,462.39,37453.59
48,28,5,2023,P1016,57,5.69,324.33
49,3,2,2023,P1019,26,318.41,8278.66
50,13,11,2024,P1017,24,352.66,8463.84
51,12,2,2023,P1018,53,203.29,10774.37
52,18,8,2022,P1014,2,114.81,229.62
53,8,4,2024,P1011,48,310.73,14915.04
54,1,3,2024,P1019,85,186.2,15827.0
55,17,3,2022,P1003,71,140.33,9963.43
56,9,4,2023,P1016,52,126.02,6553.04
57,17,11,2024,P1015,10,406.53,4065.3
58,20,1,2024,P1014,73,353.97,25839.81
59,22,3,2022,P1011,97,298.41,28945.77
60,13,10,2024,P1016,2,197.46,394.92
61,5,10,2024,P1013,3,466.94,1400.82
62,24,5,2023,P1002,91,466.34,42436.94
63,7,1,2024,P1004,4,89.49,357.96
64,26,4,2022,P1009,74,168.75,12487.5
65,23,7,2022,P1003,71,106.66,7572.86
66,27,3,2024,P1005,50,183.39,9169.5
67,20,5,2024,P1015,25,156.89,3922.25
68,21,5,2023,P1005,15,154.25,2313.75
69,5,12,2022,P1002,3,195.31,585.93
70,26,9,2022,P1004,91,256.69,23358.79
71,10,11,2023,P1018,92,155.0,14260.0
72,25,5,2023,P1003,3,441.02,1323.06
73,26,12,2023,P1016,94,122.58,11522.52
74,6,12,2022,P1012,78,187.86,14653.08
75,10,12,2022,P1004,74,404.23,29913.02
76,19,1,2024,P1016,7,416.98,2918.86
77,6,6,2024,P1004,56,69.26,3878.56
78,10,2,2023,P1008,99,371.01,36729.99
79,5,9,2023,P1013,14,158.57,2219.98
80,3,1,2024,P1020,92,248.62,22873.04
81,1,4,2024,P1015,43,36.87,1585.41
82,3,3,2022,P1015,6,118.47,710.82
83,22,6,2024,P1008,19,285.94,5432.86
84,16,11,2024,P1006,80,389.72,31177.6
85,15,3,2024,P1001,18,433.13,7796.34
86,5,5,2022,P1019,90,392.51,35325.9
87,4,9,2024,P1007,91,282.79,25733.89
88,7,5,2023,P1013,90,474.64,42717.6
89,14,4,2023,P1011,28,157.2,4401.6
90,15,4,2022,P1004,65,359.48,23366.2
91,9,1,2024,P1016,3,317.8,953.4
92,8,10,2023,P1007,39,446.65,17419.35
93,8,12,2023,P1018,56,23.29,1304.24
94,15,12,2022,P1010,73,31.2,2277.6
95,6,12,2024,P1009,86,194.32,16711.52
96,12,9,2022,P1011,66,265.08,17495.28
97,28,12,2022,P1001,48,478.18,22952.64
98,11,12,2022,P1009,94,305.45,28712.3
99,14,4,2022,P1010,42,167.77,7046.34
100,6,5,2022,P1001,89,452.04,40231.56
101,7,4,2022,P1006,33,161.02,5313.66
102,20,8,2024,P1019,77,217.59,16754.43
103,18,10,2022,P1017,50,272.45,13622.5
104,23,3,2022,P1007,31,337.49,10462.19
105,2,7,2023,P1007,12,111.29,1335.48
106,25,3,2024,P1016,1,486.95,486.95
107,19,3,2022,P1015,84,206.55,17350.2
108,26,2,2024,P1007,86,274.63,23618.18
109,8,1,2022,P1005,57,82.16,4683.12
110,6,11,2024,P1011,45,365.17,16432.65
111,20,7,2023,P1018,8,272.2,2177.6
112,3,12,2022,P1007,51,347.85,17740.35
113,16,3,2024,P1009,50,318.18,15909.0
114,5,1,2023,P1008,50,59.94,2997.0
115,16,8,2024,P1015,11,330.88,3639.68
116,13,1,2023,P1018,93,373.43,34728.99
117,14,7,2023,P1012,21,266.01,5586.21
118,12,12,2022,P1013,20,336.45,6729.0
119,23,2,2024,P1015,1,310.03,310.03
120,23,4,2022,P1005,30,146.62,4398.6
121,13,11,2022,P1011,67,429.23,28758.41
122,12,11,2022,P1007,10,355.09,3550.9
123,27,6,2023,P1019,70,419.07,29334.9
124,3,2,2023,P1011,99,105.49,10443.51
125,26,5,2022,P1012,29,489.51,14195.79
126,21,7,2024,P1010,61,217.17,13247.37
127,11,7,2023,P1020,75,108.52,8139.0
128,19,8,2023,P1011,55,423.66,23301.3
129,13,2,2024,P1015,39,435.43,16981.77
130,3,12,2022,P1019,51,145.41,7415.91
131,18,12,2024,P1011,82,94.93,7784.26
132,8,3,2024,P1006,39,52.67,2054.13
133,25,8,2023,P1002,48,287.52,13800.96
134,8,10,2023,P1003,43,149.15,6413.45
135,17,3,2022,P1017,48,48.35,2320.8
136,14,8,2024,P1010,61,164.62,10041.82
137,11,2,2022,P1008,92,236.67,21773.64
138,20,1,2022,P1010,4,230.7,922.8
139,8,3,2022,P1006,86,382.7,32912.2
140,24,3,2022,P1004,87,188.56,16404.72
141,24,11,2023,P1016,88,92.8,8166.4
142,13,9,2022,P1011,62,12.8,793.6
143,27,7,2022,P1011,10,385.85,3858.5
144,11,10,2023,P1013,50,93.12,4656.0
145,25,11,2024,P1012,77,375.75,28932.75
146,25,5,2023,P1013,84,66.88,5617.92
147,5,9,2022,P1009,83,151.3,12557.9
148,16,7,2023,P1005,23,314.31,7229.13
149,9,4,2024,P1010,33,135.72,4478.76
150,2,1,2024,P1019,73,34.05,2485.65
151,6,2,2024,P1016,38,364.79,13862.02
152,20,2,2022,P1012,95,305.9,29060.5
153,1,12,2022,P1002,58,313.64,18191.12
154,5,11,2023,P1015,23,458.16,10537.68
155,12,9,2024,P1004,12,419.09,5029.08
156,15,1,2022,P1018,67,227.69,15255.23
157,2,10,2024,P1013,52,95.95,4989.4
158,22,5,2022,P1009,80,430.68,34454.4
159,9,4,2023,P1018,57,56.68,3230.76
160,10,2,2023,P1007,48,70.01,3360.48
161,13,8,2022,P1016,62,412.04,25546.48
162,9,2,2024,P1015,34,351.26,11942.84
163,2,12,2024,P1013,74,426.71,31576.54
164,12,7,2024,P1003,48,211.62,10157.76
165,20,6,2024,P1008,53,384.18,20361.54
166,20,7,2024,P1001,27,179.42,4844.34
167,4,12,2023,P1004,81,237.43,19231.83
168,2,9,2024,P1013,82,35.66,2924.12
169,24,12,2022,P1016,92,59.58,5481.36
170,9,11,2024,P1002,58,498.76,28928.08
171,4,12,2024,P1009,34,37.93,1289.62
172,10,2,2023,P1002,77,340.15,26191.55
173,23,1,2023,P1005,100,494.5,49450.0
174,23,1,2022,P1004,34,85.69,2913.46
175,12,4,2024,P1005,36,386.5,13914.0
176,6,9,2024,P1004,61,253.69,15475.09
177,14,2,2022,P1011,45,100.74,4533.3
178,19,12,2022,P1003,40,493.97,19758.8
179,12,1,2022,P1003,3,149.64,448.92
180,16,11,2024,P1007,74,261.27,19333.98
181,8,4,2023,P1016,76,227.5,17290.0
182,16,2,2022,P1013,44,312.79,13762.76
183,15,1,2023,P1008,33,440.29,14529.57
184,27,1,2022,P1005,79,115.01,9085.79
185,24,3,2022,P1010,48,115.57,5547.36
186,24,12,2024,P1019,10,48.0,480.0
187,8,11,2024,P1002,52,134.0,6968.0
188,18,1,2023,P1013,66,353.57,23335.62
189,13,2,2024,P1013,24,429.82,10315.68
190,6,9,2023,P1006,82,291.57,23908.74
191,4,5,2022,P1003,55,409.97,22548.35
192,11,9,2022,P1003,20,438.09,8761.8
193,13,11,2023,P1020,71,196.33,13939.43
194,12,8,2024,P1006,56,90.26,5054.56
195,11,7,2022,P1005,80,282.51,22600.8
196,13,10,2023,P1008,46,72.77,3347.42
197,28,12,2022,P1014,73,52.45,3828.85
198,9,2,2022,P1012,53,273.81,14511.93
199,19,7,2024,P1007,35,259.9,9096.5
200,13,4,2022,P1008,59,281.91,16632.69
201,3,8,2022,P1008,77,497.73,38325.21
202,3,2,2022,P1010,40,397.52,15900.8
203,11,8,2023,P1003,23,69.97,1609.31
204,15,1,2024,P1017,49,59.86,2933.14
205,1,2,2024,P1006,22,415.55,9142.1
206,28,5,2024,P1001,57,162.97,9289.29
207,13,8,2024,P1004,45,68.6,3087.0
208,21,7,2023,P1011,91,367.52,33444.32
209,21,1,2023,P1003,25,463.42,11585.5
210,4,10,2024,P1018,16,231.41,3702.56
211,7,2,2024,P1009,73,488.32,35647.36
212,12,12,2023,P1004,36,62.26,2241.36
213,5,6,2024,P1009,16,451.87,7229.92
214,25,2,2024,P1015,44,248.09,10915.96
215,19,2,2023,P1009,36,312.17,11238.12
216,25,2,2023,P1018,5,149.52,747.6
217,21,10,2024,P1002,65,468.34,30442.1
218,26,6,2023,P1007,38,413.22,15702.36
219,18,9,2024,P1019,71,408.75,29021.25
220,6,12,2022,P1003,62,171.95,10660.9
221,4,11,2022,P1008,9,452.34,4071.06
222,14,6,2023,P1009,98,178.4,17483.2
223,26,2,2022,P1006,9,274.3,2468.7
224,28,6,2024,P1009,3,349.23,1047.69
225,7,3,2022,P1002,79,67.61,5341.19
226,10,5,2023,P1020,31,296.09,9178.79
227,9,12,2023,P1013,56,291.56,16327.36
228,4,3,2024,P1005,49,326.67,16006.83
229,6,7,2023,P1018,89,318.46,28342.94
230,15,10,2023,P1008,58,40.01,2320.58
231,24,8,2024,P1018,39,36.19,1411.41
232,11,1,2024,P1005,83,200.33,16627.39
233,18,10,2024,P1012,36,451.81,16265.16
234,9,5,2022,P1016,54,242.24,13080.96
235,19,2,2022,P1011,84,109.7,9214.8
236,22,11,2022,P1020,55,390.73,21490.15
237,20,1,2022,P1017,47,17.0,799.0
238,21,10,2022,P1019,89,333.43,29675.27
239,23,5,2023,P1007,74,385.56,28531.44
240,16,7,2024,P1015,45,157.83,7102.35
241,14,3,2022,P1008,24,96.56,2317.44
242,24,3,2023,P1005,26,217.79,5662.54
243,15,11,2024,P1009,87,221.35,19257.45
244,12,8,2022,P1005,9,281.68,2535.12
245,23,4,2024,P1002,80,309.27,24741.6
246,26,2,2022,P1007,8,241.49,1931.92
247,15,1,2024,P1015,67,417.99,28005.33
248,7,10,2022,P1018,83,74.87,6214.21
249,28,6,2022,P1001,61,448.95,27385.95
250,11,7,2022,P1008,35,269.55,9434.25
251,5,4,2024,P1011,70,45.57,3189.9
252,26,5,2023,P1017,1,436.96,436.96
253,20,6,2022,P1019,5,240.67,1203.35
254,3,4,2023,P1008,9,174.1,1566.9
255,12,9,2023,P1008,14,267.3,3742.2
256,9,1,2024,P1011,2,361.15,722.3
257,21,12,2024,P1009,98,281.92,27628.16
258,22,1,2023,P1019,39,6.47,252.33
259,23,2,2022,P1015,92,31.82,2927.44
260,27,2,2022,P1017,21,274.42,5762.82
261,16,4,2024,P1011,58,296.02,17169.16
262,23,4,2023,P1016,76,154.42,11735.92
263,25,4,2024,P1010,38,361.55,13738.9
264,12,1,2023,P1003,87,211.26,18379.62
265,3,8,2023,P1002,63,53.42,3365.46
266,20,12,2023,P1011,21,183.45,3852.45
267,13,11,2023,P1016,71,130.93,9296.03
268,11,2,2024,P1019,34,138.13,4696.42
269,14,6,2023,P1009,5,20.78,103.9
270,20,4,2024,P1012,25,276.9,6922.5
271,8,3,2023,P1011,73,82.83,6046.59
272,21,12,2023,P1005,41,472.68,19379.88
273,16,11,2024,P1020,50,21.92,1096.0
274,1,4,2023,P1007,55,210.95,11602.25
275,27,1,2024,P1018,45,435.98,19619.1
276,11,6,2023,P1018,32,285.29,9129.28
277,26,5,2024,P1009,66,453.49,29930.34
278,7,6,2024,P1009,59,230.06,13573.54
279,23,3,2022,P1013,79,441.55,34882.45
280,8,1,2023,P1012,14,333.71,4671.94
281,28,8,2023,P1006,61,261.83,15971.63
282,11,9,2023,P1018,27,150.38,4060.26
283,8,12,2023,P1014,70,206.94,14485.8
284,10,11,2023,P1008,53,52.44,2779.32
285,13,9,2023,P1014,16,234.52,3752.32
286,10,2,2023,P1002,25,267.38,6684.5
287,1,6,2023,P1002,68,297.43,20225.24
288,15,12,2022,P1019,18,87.66,1577.88
289,11,7,2023,P1009,33,217.91,7191.03
290,23,7,2023,P1018,45,325.88,14664.6
291,16,5,2022,P1005,23,409.29,9413.67
292,18,9,2023,P1016,17,447.59,7609.03
293,9,1,2022,P1003,53,427.97,22682.41
294,11,8,2022,P1010,14,48.39,677.46
295,10,7,2023,P1005,75,101.5,7612.5
296,19,3,2024,P1012,85,49.52,4209.2
297,13,11,2022,P1016,66,213.55,14094.3
298,26,5,2023,P1001,24,197.5,4740.0
299,2,11,2024,P1020,80,281.03,22482.4
300,25,2,2023,P1010,98,281.59,27595.82
301,12,10,2024,P1009,40,331.92,13276.8
302,23,5,2023,P1012,87,185.82,16166.34
303,15,12,2024,P1015,85,39.02,3316.7
304,28,11,2023,P1003,2,75.43,150.86
305,27,11,2023,P1015,64,256.99,16447.36
306,4,7,2024,P1004,62,464.01,28768.62
307,18,1,2022,P1020,18,485.32,8735.76
308,13,5,2022,P1010,81,352.47,28550.07
309,15,7,2023,P1015,14,111.82,1565.48
310,4,11,2022,P1007,28,97.13,2719.64
311,22,6,2022,P1018,75,321.29,24096.75
312,26,1,2024,P1020,40,261.66,10466.4
313,17,10,2022,P1017,25,165.23,4130.75
314,19,1,2023,P1017,56,177.09,9917.04
315,5,5,2023,P1015,65,291.36,18938.4
316,3,11,2023,P1016,9,277.42,2496.78
317,13,10,2022,P1014,27,361.1,9749.7
318,1,10,2022,P1017,61,245.99,15005.39
319,12,6,2023,P1003,73,258.81,18893.13
320,20,11,2023,P1011,57,231.56,13198.92
321,5,4,2022,P1020,73,21.24,1550.52
322,3,6,2023,P1002,38,475.63,18073.94
323,21,9,2024,P1016,20,190.36,3807.2
324,1,1,2022,P1005,82,208.19,17071.58
325,23,6,2023,P1012,65,95.06,6178.9
326,22,10,2023,P1015,37,308.56,11416.72
327,11,7,2024,P1012,63,166.36,10480.68
328,17,12,2024,P1019,16,373.06,5968.96
329,25,4,2023,P1009,13,33.86,440.18
330,22,2,2023,P1007,14,405.5,5677.0
331,25,3,2024,P1014,75,388.7,29152.5
332,28,12,2023,P1018,86,457.72,39363.92
333,25,9,2022,P1002,73,210.14,15340.22
334,22,9,2024,P1006,12,133.7,1604.4
335,2,3,2022,P1018,81,471.8,38215.8
336,11,12,2022,P1007,22,305.01,6710.22
337,15,9,2024,P1004,68,137.53,9352.04
338,7,7,2024,P1011,39,257.65,10048.35
339,1,8,2023,P1015,90,30.96,2786.4
340,19,12,2023,P1018,53,281.06,14896.18
341,24,1,2024,P1015,73,136.31,9950.63
342,17,6,2022,P1002,91,397.31,36155.21
343,9,10,2022,P1008,97,417.84,40530.48
344,11,1,2024,P1016,98,474.12,46463.76
345,19,2,2022,P1002,42,271.82,11416.44
346,13,1,2022,P1015,29,77.87,2258.23
347,14,7,2024,P1005,34,93.44,3176.96
348,19,3,2022,P1012,62,340.83,21131.46
349,5,12,2023,P1008,67,40.53,2715.51
350,24,8,2023,P1016,90,13.47,1212.3
351,20,10,2023,P1020,56,341.16,19104.96
352,13,12,2024,P1014,76,418.49,31805.24
353,1,3,2023,P1001,53,138.99,7366.47
354,23,7,2024,P1005,77,48.97,3770.69
355,27,1,2023,P1003,48,368.95,17709.6
356,11,1,2023,P1018,42,187.21,7862.82
357,3,5,2022,P1009,35,270.46,9466.1
358,8,12,2023,P1008,70,141.7,9919.0
359,18,12,2023,P1008,79,493.3,38970.7
360,11,8,2022,P1013,38,395.72,15037.36
361,19,11,2022,P1008,46,221.97,10210.62
362,18,7,2023,P1010,26,331.13,8609.38
363,9,10,2024,P1013,82,481.85,39511.7
364,4,5,2022,P1013,49,147.75,7239.75
365,22,7,2023,P1001,8,19.63,157.04
366,6,5,2023,P1011,84,240.61,20211.24
367,4,5,2024,P1007,8,287.9,2303.2
368,17,2,2024,P1017,22,475.11,10452.42
369,9,10,2022,P1011,38,200.05,7601.9
370,12,5,2023,P1011,50,43.36,2168.0
371,20,7,2024,P1007,56,219.57,12295.92
372,18,9,2023,P1009,94,352.25,33111.5
373,24,8,2024,P1019,54,10.97,592.38
374,12,6,2022,P1013,11,467.93,5147.23
375,19,10,2022,P1008,11,462.08,5082.88
376,10,7,2022,P1005,63,167.09,10526.67
377,10,10,2022,P1013,75,244.12,18309.0
378,26,4,2024,P1002,42,312.96,13144.32
379,12,9,2023,P1004,5,54.1,270.5
380,14,10,2022,P1016,14,214.81,3007.34
381,8,11,2022,P1015,15,59.07,886.05
382,18,7,2022,P1011,81,281.3,22785.3
383,3,4,2024,P1012,11,316.56,3482.16
384,2,9,2022,P1014,85,415.65,35330.25
385,18,7,2023,P1012,2,211.18,422.36
386,28,2,2022,P1013,18,12.34,222.12
387,21,10,2024,P1017,18,250.29,4505.22
388,22,5,2022,P1008,59,268.66,15850.94
389,12,2,2023,P1012,21,457.46,9606.66
390,24,9,2023,P1006,41,358.71,14707.11
391,7,12,2022,P1015,88,79.93,7033.84
392,2,10,2022,P1012,8,112.54,900.32
393,23,1,2023,P1007,62,481.02,29823.24
394,22,6,2023,P1010,32,171.33,5482.56
395,22,3,2023,P1016,25,254.39,6359.75
396,27,12,2023,P1003,4,86.18,344.72
397,28,2,2024,P1003,78,143.45,11189.1
398,22,8,2022,P1009,76,121.79,9256.04
399,24,3,2023,P1012,8,431.16,3449.28
400,12,11,2022,P1010,21,220.36,4627.56
401,26,3,2024,P1010,4,122.81,491.24
402,24,12,2022,P1014,26,37.21,967.46
403,13,3,2024,P1008,15,269.58,4043.7
404,8,12,2024,P1010,55,380.53,20929.15
405,12,8,2023,P1008,36,373.35,13440.6
406,5,9,2023,P1007,28,388.68,10883.04
407,14,2,2024,P1016,92,382.43,35183.56
408,5,5,2022,P1019,95,64.69,6145.55
409,26,2,2024,P1013,13,453.95,5901.35
410,22,2,2023,P1017,29,453.94,13164.26
411,28,12,2023,P1018,60,85.72,5143.2
412,16,10,2024,P1017,50,412.99,20649.5
413,14,10,2023,P1019,62,347.67,21555.54
414,25,10,2024,P1002,44,366.32,16118.08
415,17,3,2023,P1016,88,476.66,41946.08
416,6,10,2023,P1013,65,112.37,7304.05
417,26,2,2023,P1007,95,292.76,27812.2
418,17,8,2023,P1020,2,277.76,555.52
419,12,1,2022,P1018,49,264.64,12967.36
420,2,4,2024,P1001,51,298.4,15218.4
421,16,5,2023,P1015,59,47.51,2803.09
422,19,12,2023,P1002,71,478.32,33960.72
423,14,10,2022,P1017,26,204.75,5323.5
424,19,5,2022,P1007,12,152.82,1833.84
425,19,9,2022,P1004,63,295.36,18607.68
426,15,6,2022,P1004,3,454.57,1363.71
427,27,6,2022,P1010,100,215.08,21508.0
428,28,6,2023,P1006,63,187.36,11803.68
429,17,6,2024,P1009,72,492.41,35453.52
430,18,3,2022,P1015,7,284.32,1990.24
431,27,6,2024,P1007,69,52.42,3616.98
432,15,7,2023,P1006,63,250.89,15806.07
433,3,12,2023,P1004,17,357.18,6072.06
434,15,6,2024,P1010,5,91.88,459.4
435,4,12,2022,P1013,92,90.99,8371.08
436,23,4,2022,P1015,54,401.99,21707.46
437,27,6,2024,P1012,93,352.67,32798.31
438,19,5,2023,P1002,5,173.92,869.6
439,22,2,2024,P1015,11,177.89,1956.79
440,9,12,2023,P1019,82,323.42,26520.44
441,18,5,2022,P1014,19,153.02,2907.38
442,21,1,2022,P1005,15,258.29,3874.35
443,11,12,2022,P1011,67,453.38,30376.46
444,20,12,2022,P1013,28,35.4,991.2
445,27,1,2024,P1010,94,133.19,12519.86
446,15,9,2023,P1006,85,252.67,21476.95
447,12,5,2022,P1018,93,484.21,45031.53
448,11,5,2023,P1003,96,405.37,38915.52
449,5,1,2022,P1010,12,291.25,3495.0
450,5,4,2023,P1005,34,190.64,6481.76
451,2,3,2024,P1013,2,182.55,365.1
452,6,4,2024,P1005,7,119.66,837.62
453,21,7,2023,P1016,13,93.38,1213.94
454,21,4,2023,P1010,1,174.52,174.52
455,3,10,2024,P1007,32,445.54,14257.28
456,16,7,2022,P1015,84,141.19,11859.96
457,12,9,2024,P1008,28,211.06,5909.68
458,17,5,2024,P1014,77,46.46,3577.42
459,7,1,2022,P1017,17,284.6,4838.2
460,5,2,2024,P1008,54,375.55,20279.7
461,20,3,2023,P1015,84,298.62,25084.08
462,28,8,2022,P1016,64,438.04,28034.56
463,7,12,2023,P1001,66,217.95,14384.7
464,17,5,2022,P1019,62,398.08,24680.96
465,9,1,2023,P1016,54,56.7,3061.8
466,18,9,2022,P1014,31,257.62,7986.22
467,6,1,2024,P1002,92,257.93,23729.56
468,16,7,2022,P1006,3,122.51,367.53
469,11,3,2024,P1017,72,157.09,11310.48
470,20,5,2023,P1005,71,282.29,20042.59
471,5,11,2024,P1017,94,340.37,31994.78
472,10,1,2022,P1015,38,33.97,1290.86
473,24,7,2024,P1003,3,455.99,1367.97
474,5,8,2023,P1008,22,42.01,924.22
475,5,11,2023,P1009,51,287.26,14650.26
476,4,3,2024,P1016,36,398.04,14329.44
477,25,8,2022,P1010,36,177.85,6402.6
478,22,2,2022,P1006,61,342.39,20885.79
479,2,2,2024,P1018,14,436.43,6110.02
480,23,2,2023,P1018,23,489.38,11255.74
481,6,5,2024,P1020,20,237.56,4751.2
482,19,7,2023,P1005,65,355.55,23110.75
483,6,7,2023,P1016,50,228.56,11428.0
484,3,10,2023,P1013,7,297.06,2079.42
485,14,6,2024,P1013,29,78.11,2265.19
486,28,1,2024,P1011,31,143.15,4437.65
487,26,10,2022,P1017,16,139.96,2239.36
488,17,5,2024,P1003,43,402.23,17295.89
489,7,3,2024,P1010,19,31.77,603.63
490,7,3,2023,P1008,82,125.86,10320.52
491,16,4,2024,P1014,21,98.65,2071.65
492,22,12,2023,P1020,65,297.5,19337.5
493,5,8,2023,P1006,34,139.74,4751.16
494,13,4,2023,P1015,72,373.46,26889.12
495,7,3,2024,P1003,23,199.06,4578.38
496,19,5,2023,P1008,75,257.74,19330.5
497,25,1,2024,P1017,51,257.82,13148.82
498,17,12,2022,P1009,21,451.2,9475.2
499,25,10,2024,P1011,22,225.82,4968.04
500,2,2,2024,P1010,52,410.61,21351.72
501,6,10,2023,P1008,19,398.78,7576.82
502,21,9,2024,P1019,12,96.94,1163.28
503,2,7,2022,P1011,87,329.7,28683.9
504,23,1,2022,P1008,96,273.23,26230.08
505,13,11,2023,P1020,8,321.53,2572.24
506,16,6,2022,P1010,39,484.07,18878.73
507,1,3,2022,P1010,80,279.99,22399.2
508,15,8,2023,P1016,73,11.08,808.84
509,11,8,2023,P1003,81,478.62,38768.22
510,5,12,2023,P1005,93,56.47,5251.71
511,1,2,2024,P1008,66,84.19,5556.54
512,18,8,2023,P1001,62,362.91,22500.42
513,27,5,2023,P1003,7,290.5,2033.5
514,13,6,2023,P1017,3,160.93,482.79
515,21,12,2023,P1017,26,305.75,7949.5
516,7,1,2024,P1003,89,44.82,3988.98
517,24,5,2024,P1005,68,128.25,8721.0
518,16,3,2023,P1015,13,475.26,6178.38
519,4,6,2024,P1011,38,357.98,13603.24
520,19,8,2023,P1017,62,63.47,3935.14
521,6,7,2023,P1011,75,154.3,11572.5
522,12,7,2023,P1019,86,32.99,2837.14
523,16,4,2022,P1013,55,249.65,13730.75
524,23,1,2024,P1009,37,45.89,1697.93
525,23,11,2023,P1003,74,69.18,5119.32
526,8,9,2024,P1015,73,350.45,25582.85
527,27,2,2024,P1003,1,355.93,355.93
528,2,5,2023,P1005,85,207.46,17634.1
529,16,6,2023,P1019,38,228.43,8680.34
530,5,8,2022,P1001,97,83.88,8136.36
531,4,8,2022,P1014,5,143.77,718.85
532,11,9,2024,P1009,18,67.81,1220.58
533,2,6,2024,P1009,38,265.46,10087.48
534,23,1,2023,P1010,64,181.67,11626.88
535,13,9,2024,P1019,81,106.67,8640.27
536,23,5,2023,P1011,84,9.31,782.04
537,3,2,2022,P1007,16,122.27,1956.32
538,20,5,2024,P1003,40,477.22,19088.8
539,1,8,2024,P1004,90,211.9,19071.0
540,14,11,2024,P1003,23,396.16,9111.68
541,8,2,2022,P1004,11,260.05,2860.55
542,11,7,2024,P1004,11,189.41,2083.51
543,5,5,2024,P1007,63,119.63,7536.69
544,10,8,2023,P1002,34,441.35,15005.9
545,16,4,2022,P1001,51,326.43,16647.93
546,21,5,2024,P1017,64,188.98,12094.72
547,25,4,2022,P1012,68,453.11,30811.48
548,2,7,2024,P1013,15,177.92,2668.8
549,5,6,2022,P1019,99,102.08,10105.92
550,6,2,2023,P1006,83,254.26,21103.58
551,9,8,2022,P1018,57,398.5,22714.5
552,27,7,2024,P1011,68,287.36,19540.48
553,22,10,2024,P1015,51,334.01,17034.51
554,28,6,2024,P1019,66,239.2,15787.2
555,17,6,2022,P1020,33,280.83,9267.39
556,7,6,2023,P1017,36,60.45,2176.2
557,22,4,2023,P1006,11,499.86,5498.46
558,4,11,2024,P1012,93,173.55,16140.15
559,8,12,2023,P1005,44,471.11,20728.84
560,9,7,2024,P1008,75,387.14,29035.5
561,2,11,2023,P1008,93,48.81,4539.33
562,18,12,2022,P1002,52,270.77,14080.04
563,16,11,2024,P1015,57,132.01,7524.57
564,24,2,2022,P1016,16,498.12,7969.92
565,26,7,2023,P1015,54,55.13,2977.02
566,24,1,2022,P1013,36,110.95,3994.2
567,21,2,2022,P1007,7,353.47,2474.29
568,26,3,2022,P1015,99,159.38,15778.62
569,28,5,2024,P1019,58,444.97,25808.26
570,24,10,2024,P1001,63,370.63,23349.69
571,10,10,2022,P1001,10,391.27,3912.7
572,12,3,2024,P1010,21,211.83,4448.43
573,24,4,2024,P1006,26,163.91,4261.66
574,3,7,2023,P1011,11,305.68,3362.48
575,23,7,2024,P1001,95,144.05,13684.75
576,7,9,2023,P1010,72,243.84,17556.48
577,6,10,2023,P1002,81,10.63,861.03
578,26,9,2024,P1002,58,98.65,5721.7
579,7,6,2024,P1005,66,401.58,26504.28
580,6,5,2024,P1013,43,246.41,10595.63
581,23,7,2022,P1005,43,140.62,6046.66
582,23,4,2022,P1010,18,469.72,8454.96
583,11,3,2022,P1003,87,108.75,9461.25
584,19,7,2023,P1009,71,380.37,27006.27
585,4,6,2024,P1007,17,467.03,7939.51
586,4,7,2022,P1010,33,103.72,3422.76
587,7,3,2024,P1020,85,350.26,29772.1
588,17,7,2023,P1005,77,459.79,35403.83
589,27,4,2022,P1004,32,465.79,14905.28
590,1,11,2022,P1011,81,101.67,8235.27
591,20,3,2024,P1004,85,14.96,1271.6
592,15,11,2024,P1006,56,368.29,20624.24
593,10,12,2024,P1002,95,310.1,29459.5
594,24,4,2022,P1014,10,258.37,2583.7
595,1,6,2022,P1013,1,142.65,142.65
596,2,5,2023,P1017,85,383.41,32589.85
597,19,3,2022,P1019,52,315.49,16405.48
598,23,4,2024,P1004,12,228.21,2738.52
599,20,3,2024,P1007,22,377.08,8295.76
600,22,8,2022,P1017,51,73.79,3763.29
601,14,1,2023,P1017,28,469.77,13153.56
602,6,3,2022,P1004,26,92.84,2413.84
603,25,4,2024,P1003,49,201.48,9872.52
604,23,12,2022,P1009,84,345.01,28980.84
605,21,6,2024,P1006,55,109.29,6010.95
606,7,6,2023,P1013,89,108.54,9660.06
607,7,5,2023,P1016,64,442.01,28288.64
608,1,3,2024,P1019,69,126.62,8736.78
609,18,9,2023,P1003,51,48.76,2486.76
610,1,3,2024,P1011,20,376.4,7528.0
611,2,5,2024,P1020,32,286.37,9163.84
612,9,12,2024,P1017,44,477.05,20990.2
613,14,5,2022,P1004,31,76.63,2375.53
614,5,8,2022,P1007,72,406.16,29243.52
615,26,8,2023,P1010,43,442.96,19047.28
616,23,7,2022,P1004,85,50.78,4316.3
617,1,1,2022,P1016,29,54.56,1582.24
618,10,8,2023,P1006,99,51.25,5073.75
619,2,12,2024,P1002,74,455.25,33688.5
620,12,7,2024,P1010,93,17.22,1601.46
621,6,8,2024,P1008,41,93.09,3816.69
622,6,5,2022,P1001,31,238.31,7387.61
623,26,7,2024,P1011,71,84.41,5993.11
624,17,12,2023,P1011,64,373.85,23926.4
625,2,5,2022,P1013,59,334.01,19706.59
626,6,7,2023,P1010,77,143.92,11081.84
627,10,7,2022,P1007,76,257.66,19582.16
628,6,10,2022,P1019,77,488.45,37610.65
629,13,12,2023,P1016,9,311.07,2799.63
630,20,11,2022,P1005,15,415.3,6229.5
631,22,10,2024,P1018,55,208.63,11474.65
632,2,6,2024,P1017,39,432.48,16866.72
633,13,3,2024,P1004,98,42.05,4120.9
634,18,2,2024,P1020,89,346.43,30832.27
635,8,1,2023,P1001,13,367.92,4782.96
636,4,12,2023,P1017,41,317.27,13008.07
637,20,2,2022,P1003,63,55.34,3486.42
638,23,8,2022,P1004,37,346.93,12836.41
639,8,7,2023,P1020,59,223.29,13174.11
640,17,4,2023,P1002,25,463.98,11599.5
641,1,5,2022,P1001,97,138.28,13413.16
642,2,10,2023,P1015,2,8.97,17.94
643,19,7,2022,P1007,40,177.85,7114.0
644,24,11,2023,P1011,88,389.86,34307.68
645,9,1,2023,P1002,94,272.66,25630.04
646,13,8,2022,P1007,38,64.49,2450.62
647,14,1,2023,P1004,9,169.15,1522.35
648,4,11,2024,P1010,89,279.65,24888.85
649,27,7,2022,P1003,10,464.91,4649.1
650,3,3,2024,P1012,91,284.48,25887.68
651,11,3,2024,P1018,19,118.78,2256.82
652,15,10,2023,P1016,74,332.66,24616.84
653,6,1,2023,P1017,19,218.67,4154.73
654,8,1,2023,P1004,31,86.41,2678.71
655,20,4,2023,P1015,6,434.48,2606.88
656,19,11,2022,P1007,8,489.02,3912.16
657,3,1,2022,P1018,65,454.6,29549.0
658,25,8,2022,P1001,46,420.13,19325.98
659,4,4,2024,P1012,31,111.09,3443.79
660,4,3,2024,P1020,9,172.08,1548.72
661,24,6,2024,P1020,50,348.84,17442.0
662,7,7,2023,P1008,43,209.21,8996.03
663,1,11,2023,P1014,52,470.62,24472.24
664,16,11,2023,P1005,71,185.76,13188.96
665,23,3,2022,P1019,42,45.11,1894.62
666,9,5,2024,P1013,68,89.5,6086.0
667,10,9,2023,P1004,80,60.71,4856.8
668,8,3,2022,P1017,47,345.42,16234.74
669,14,3,2023,P1001,80,418.51,33480.8
670,3,8,2022,P1014,15,417.75,6266.25
671,12,6,2023,P1018,56,7.37,412.72
672,12,12,2023,P1005,51,202.0,10302.0
673,3,1,2023,P1013,55,487.78,26827.9
674,10,9,2022,P1008,96,257.56,24725.76
675,7,6,2023,P1011,84,193.88,16285.92
676,15,8,2024,P1018,15,323.02,4845.3
677,24,7,2023,P1019,90,272.75,24547.5
678,13,12,2024,P1001,45,208.73,9392.85
679,1,10,2023,P1014,50,156.49,7824.5
680,23,2,2022,P1005,13,126.59,1645.67
681,21,5,2022,P1004,38,344.63,13095.94
682,25,1,2022,P1016,82,137.65,11287.3
683,15,10,2022,P1005,82,306.18,25106.76
684,19,1,2023,P1003,87,69.08,6009.96
685,16,10,2022,P1007,24,95.44,2290.56
686,24,4,2023,P1002,10,158.49,1584.9
687,7,4,2022,P1014,61,321.96,19639.56
688,15,3,2022,P1010,76,358.52,27247.52
689,5,7,2022,P1004,40,93.55,3742.0
690,16,6,2023,P1016,87,343.08,29847.96
691,23,6,2023,P1005,18,183.56,3304.08
692,7,11,2024,P1020,38,189.5,7201.0
693,17,5,2023,P1003,92,400.63,36857.96
694,20,5,2023,P1004,5,439.59,2197.95
695,6,2,2022,P1012,58,292.46,16962.68
696,28,5,2024,P1008,54,223.37,12061.98
697,14,10,2023,P1001,51,118.49,6042.99
698,4,2,2024,P1005,38,80.0,3040.0
699,12,12,2024,P1020,22,120.57,2652.54
700,3,12,2023,P1009,28,468.7,13123.6
701,25,7,2023,P1013,49,161.32,7904.68
702,18,6,2023,P1014,56,239.23,13396.88
703,9,1,2024,P1008,61,432.43,26378.23
704,9,4,2023,P1006,14,16.54,231.56
705,8,7,2024,P1013,48,147.64,7086.72
706,12,3,2024,P1002,21,216.19,4539.99
707,1,1,2024,P1010,13,129.66,1685.58
708,27,11,2024,P1004,44,202.32,8902.08
709,25,5,2024,P1007,38,222.32,8448.16
710,15,4,2024,P1015,34,298.83,10160.22
711,13,5,2022,P1014,90,461.16,41504.4
712,1,3,2023,P1016,56,100.89,5649.84
713,20,8,2022,P1010,82,184.98,15168.36
714,18,6,2024,P1020,12,307.26,3687.12
715,18,2,2023,P1002,48,68.12,3269.76
716,3,11,2022,P1015,41,439.55,18021.55
717,27,10,2022,P1010,54,329.76,17807.04
718,21,8,2023,P1017,35,86.46,3026.1
719,5,1,2023,P1013,7,78.78,551.46
720,3,10,2022,P1011,12,322.09,3865.08
721,8,6,2023,P1016,67,492.58,33002.86
722,25,4,2022,P1010,93,246.96,22967.28
723,2,2,2023,P1004,87,469.85,40876.95
724,3,10,2022,P1017,91,432.2,39330.2
725,14,7,2024,P1010,38,381.31,14489.78
726,20,9,2023,P1017,50,140.03,7001.5
727,10,5,2022,P1004,47,355.43,16705.21
728,21,6,2024,P1020,63,243.35,15331.05
729,14,4,2024,P1014,53,183.82,9742.46
730,9,2,2024,P1019,16,150.11,2401.76
731,21,1,2023,P1004,29,374.77,10868.33
732,26,6,2024,P1005,99,459.98,45538.02
733,3,5,2022,P1015,95,437.22,41535.9
734,25,5,2023,P1014,57,297.5,16957.5
735,4,12,2023,P1001,65,118.06,7673.9
736,14,2,2023,P1010,98,340.26,33345.48
737,21,12,2024,P1016,27,229.23,6189.21
738,12,9,2023,P1017,46,27.65,1271.9
739,18,2,2023,P1003,99,471.96,46724.04
740,10,6,2024,P1008,58,338.23,19617.34
741,28,7,2022,P1013,41,422.67,17329.47
742,22,5,2023,P1019,86,112.6,9683.6
743,4,5,2022,P1006,5,399.35,1996.75
744,7,3,2024,P1004,94,214.18,20132.92
745,22,4,2023,P1014,44,28.74,1264.56
746,11,5,2024,P1008,25,45.33,1133.25
747,10,1,2024,P1006,68,150.0,10200.0
748,24,7,2023,P1012,79,162.42,12831.18
749,26,11,2022,P1009,29,448.22,12998.38
750,27,4,2024,P1012,67,115.16,7715.72
751,14,3,2022,P1017,5,60.72,303.6
752,17,1,2022,P1020,99,211.4,20928.6
753,5,9,2023,P1016,68,286.8,19502.4
754,15,12,2023,P1017,73,24.8,1810.4
755,24,1,2024,P1007,50,258.44,12922.0
756,1,2,2024,P1001,76,463.9,35256.4
757,26,4,2023,P1005,82,99.72,8177.04
758,23,8,2023,P1013,75,406.27,30470.25
759,25,10,2023,P1020,22,275.08,6051.76
760,3,10,2024,P1012,48,218.61,10493.28
761,25,2,2023,P1020,10,128.04,1280.4
762,13,11,2023,P1018,31,454.54,14090.74
763,1,3,2022,P1011,87,320.23,27860.01
764,28,10,2022,P1010,29,293.18,8502.22
765,28,11,2022,P1007,34,481.78,16380.52
766,25,8,2024,P1004,62,25.71,1594.02
767,14,12,2024,P1015,64,41.14,2632.96
768,13,10,2023,P1012,76,240.74,18296.24
769,23,11,2023,P1020,5,415.52,2077.6
770,3,5,2023,P1010,24,462.27,11094.48
771,1,6,2023,P1008,45,27.0,1215.0
772,6,6,2023,P1017,97,62.25,6038.25
773,11,1,2022,P1012,31,435.41,13497.71
774,15,10,2022,P1016,81,9.45,765.45
775,9,10,2024,P1011,46,219.28,10086.88
776,1,2,2022,P1014,52,285.43,14842.36
777,3,5,2024,P1013,70,69.55,4868.5
778,3,4,2024,P1005,2,29.47,58.94
779,11,7,2024,P1017,57,427.46,24365.22
780,21,12,2024,P1004,10,267.3,2673.0
781,8,10,2022,P1010,55,421.36,23174.8
782,7,9,2023,P1010,88,321.12,28258.56
783,17,6,2022,P1017,45,48.36,2176.2
784,19,11,2022,P1015,7,371.58,2601.06
785,13,10,2023,P1009,25,77.86,1946.5
786,22,4,2024,P1011,74,160.49,11876.26
787,17,2,2023,P1014,70,101.96,7137.2
788,13,1,2023,P1008,89,312.49,27811.61
789,12,8,2022,P1018,19,150.01,2850.19
790,28,2,2022,P1009,83,191.55,15898.65
791,11,10,2023,P1011,89,249.15,22174.35
792,15,4,2023,P1014,11,50.82,559.02
793,28,10,2022,P1016,50,158.95,7947.5
794,13,8,2024,P1016,99,296.11,29314.89
795,5,5,2024,P1019,52,310.57,16149.64
796,14,2,2022,P1014,41,296.62,12161.42
797,18,8,2024,P1013,62,477.74,29619.88
798,24,2,2024,P1020,89,379.07,33737.23
799,19,2,2023,P1016,57,490.24,27943.68
800,16,3,2023,P1018,88,120.79,10629.52
801,3,5,2024,P1002,90,190.66,17159.4
802,3,11,2024,P1011,34,347.15,11803.1
803,21,10,2024,P1007,76,207.85,15796.6
804,11,9,2024,P1004,17,315.95,5371.15
805,10,11,2022,P1015,21,82.11,1724.31
806,9,8,2022,P1007,60,323.83,19429.8
807,18,1,2022,P1018,43,112.29,4828.47
808,8,1,2024,P1016,2,340.3,680.6
809,13,4,2024,P1005,24,327.44,7858.56
810,11,12,2022,P1017,16,463.45,7415.2
811,19,7,2024,P1012,43,17.63,758.09
812,4,9,2024,P1016,31,324.25,10051.75
813,15,4,2024,P1017,70,242.4,16968.0
814,4,7,2022,P1019,95,184.06,17485.7
815,12,9,2023,P1014,50,135.38,6769.0
816,27,10,2024,P1011,59,158.02,9323.18
817,25,5,2024,P1019,58,348.64,20221.12
818,23,10,2024,P1009,88,145.06,12765.28
819,6,12,2023,P1009,9,319.94,2879.46
820,6,7,2023,P1007,98,388.17,38040.66
821,1,9,2023,P1012,36,195.26,7029.36
822,14,8,2023,P1006,78,425.65,33200.7
823,28,3,2022,P1004,49,389.31,19076.19
824,21,4,2022,P1018,38,136.05,5169.9
825,25,3,2023,P1011,69,320.16,22091.04
826,15,1,2022,P1020,88,299.11,26321.68
827,3,6,2023,P1015,62,279.91,17354.42
828,15,4,2022,P1008,82,106.47,8730.54
829,19,1,2022,P1010,27,23.23,627.21
830,21,8,2024,P1005,49,323.71,15861.79
831,28,8,2023,P1010,13,388.27,5047.51
832,13,4,2024,P1008,18,127.23,2290.14
833,13,7,2023,P1002,75,124.73,9354.75
834,27,3,2022,P1001,84,81.48,6844.32
835,4,1,2022,P1006,93,26.9,2501.7
836,19,5,2023,P1003,71,227.99,16187.29
837,4,12,2024,P1007,30,164.56,4936.8
838,6,4,2022,P1017,31,340.79,10564.49
839,12,6,2023,P1013,35,421.96,14768.6
840,25,5,2023,P1006,6,412.89,2477.34
841,1,2,2023,P1010,82,183.03,15008.46
842,5,9,2022,P1009,91,214.14,19486.74
843,26,11,2024,P1004,86,334.75,28788.5
844,3,7,2023,P1014,61,487.24,29721.64
845,25,1,2024,P1017,5,40.72,203.6
846,24,5,2023,P1012,15,496.73,7450.95
847,7,8,2023,P1011,5,354.17,1770.85
848,27,11,2024,P1007,82,372.66,30558.12
849,1,11,2022,P1005,89,234.09,20834.01
850,5,7,2023,P1012,76,180.21,13695.96
851,23,5,2022,P1007,66,231.46,15276.36
852,23,4,2024,P1014,40,9.68,387.2
853,12,8,2024,P1014,22,185.21,4074.62
854,28,6,2022,P1003,94,175.82,16527.08
855,1,10,2023,P1016,43,338.16,14540.88
856,13,9,2024,P1002,44,272.93,12008.92
857,3,11,2024,P1012,25,496.19,12404.75
858,8,11,2022,P1020,60,209.45,12567.0
859,21,6,2022,P1003,27,478.9,12930.3
860,18,3,2023,P1009,71,188.95,13415.45
861,28,7,2022,P1005,89,457.82,40745.98
862,25,10,2022,P1017,76,395.67,30070.92
863,10,11,2023,P1009,44,28.05,1234.2
864,28,11,2023,P1001,75,101.32,7599.0
865,23,9,2024,P1006,25,354.46,8861.5
866,10,10,2023,P1004,86,315.64,27145.04
867,7,10,2022,P1007,24,327.89,7869.36
868,23,11,2023,P1005,18,176.65,3179.7
869,21,12,2024,P1010,99,166.45,16478.55
870,20,5,2022,P1012,21,104.06,2185.26
871,8,7,2023,P1020,60,108.77,6526.2
872,27,6,2023,P1013,88,109.31,9619.28
873,20,12,2022,P1019,63,151.59,9550.17
874,19,4,2024,P1008,8,362.05,2896.4
875,10,12,2022,P1018,26,82.64,2148.64
876,3,12,2022,P1005,42,486.72,20442.24
877,26,2,2024,P1015,74,202.12,14956.88
878,20,12,2024,P1012,59,73.03,4308.77
879,20,4,2022,P1017,14,132.19,1850.66
880,16,2,2022,P1015,88,182.26,16038.88
881,20,1,2022,P1018,45,191.54,8619.3
882,24,4,2023,P1013,41,428.05,17550.05
883,21,2,2024,P1016,54,441.33,23831.82
884,14,9,2022,P1018,70,58.44,4090.8
885,6,9,2022,P1015,59,157.7,9304.3
886,21,7,2022,P1011,41,71.67,2938.47
887,6,4,2022,P1013,36,441.16,15881.76
888,21,7,2022,P1007,92,27.91,2567.72
889,13,8,2022,P1009,11,77.42,851.62
890,8,11,2024,P1011,87,449.92,39143.04
891,17,8,2022,P1017,41,326.22,13375.02
892,19,7,2022,P1006,79,101.56,8023.24
893,27,11,2022,P1020,14,49.54,693.56
894,23,8,2023,P1003,67,325.52,21809.84
895,6,7,2024,P1005,56,241.83,13542.48
896,21,11,2022,P1015,95,65.11,6185.45
897,5,9,2024,P1009,8,61.12,488.96
898,24,10,2023,P1007,48,41.89,2010.72
899,19,3,2023,P1006,54,163.08,8806.32
900,6,3,2023,P1015,13,391.49,5089.37
901,14,6,2022,P1011,74,221.73,16408.02
902,12,8,2024,P1002,77,456.97,35186.69
903,17,7,2022,P1014,61,192.77,11758.97
904,7,6,2023,P1018,62,268.11,16622.82
905,12,5,2022,P1014,98,350.26,34325.48
906,22,3,2024,P1011,64,261.99,16767.36
907,16,10,2023,P1006,13,73.91,960.83
908,26,9,2023,P1001,93,164.32,15281.76
909,1,4,2022,P1016,91,391.48,35624.68
910,15,8,2023,P1020,19,37.35,709.65
911,10,7,2023,P1005,4,488.16,1952.64
912,13,8,2023,P1006,56,312.06,17475.36
913,15,3,2023,P1009,41,397.91,16314.31
914,18,6,2023,P1005,61,378.9,23112.9
915,6,7,2022,P1002,28,103.64,2901.92
916,22,7,2024,P1017,18,276.51,4977.18
917,10,4,2023,P1015,10,275.56,2755.6
918,6,8,2022,P1004,53,127.42,6753.26
919,13,2,2023,P1008,51,254.13,12960.63
920,7,9,2023,P1006,45,229.01,10305.45
921,14,11,2022,P1018,45,424.19,19088.55
922,20,10,2023,P1001,70,23.22,1625.4
923,4,3,2023,P1012,83,334.2,27738.6
924,11,12,2023,P1013,84,205.12,17230.08
925,18,7,2024,P1019,37,280.05,10361.85
926,17,3,2024,P1012,87,452.56,39372.72
927,12,6,2022,P1001,93,498.66,46375.38
928,20,11,2022,P1007,77,81.16,6249.32
929,23,10,2024,P1019,80,403.31,32264.8
930,23,6,2022,P1007,36,33.81,1217.16
931,15,2,2024,P1010,8,125.95,1007.6
932,6,10,2022,P1009,52,359.57,18697.64
933,10,8,2024,P1007,61,388.24,23682.64
934,19,11,2022,P1003,79,106.13,8384.27
935,26,11,2023,P1017,81,394.22,31931.82
936,1,5,2023,P1005,3,414.08,1242.24
937,8,4,2022,P1013,97,484.29,46976.13
938,17,1,2023,P1018,31,437.64,13566.84
939,6,2,2023,P1002,30,115.74,3472.2
940,9,3,2024,P1018,64,346.47,22174.08
941,16,4,2024,P1011,17,150.68,2561.56
942,17,3,2024,P1009,80,268.38,21470.4
943,19,12,2024,P1002,85,383.14,32566.9
944,26,4,2022,P1013,10,386.11,3861.1
945,19,3,2023,P1010,50,249.0,12450.0
946,2,9,2024,P1002,29,323.21,9373.09
947,26,12,2022,P1006,84,226.49,19025.16
948,27,2,2023,P1007,4,212.03,848.12
949,12,8,2023,P1007,14,162.88,2280.32
950,23,11,2022,P1010,39,342.74,13366.86
951,13,9,2023,P1013,90,122.37,11013.3
952,15,12,2023,P1003,50,105.94,5297.0
953,16,4,2023,P1016,1,276.2,276.2
954,25,7,2023,P1014,17,456.17,7754.89
955,25,2,2024,P1007,13,291.96,3795.48
956,20,3,2023,P1011,16,186.06,2976.96
957,6,7,2022,P1005,26,265.3,6897.8
958,3,12,2023,P1001,41,336.26,13786.66
959,16,6,2024,P1003,26,11.29,293.54
960,17,6,2023,P1005,25,205.73,5143.25
961,8,2,2022,P1017,44,249.14,10962.16
962,7,5,2023,P1016,76,153.72,11682.72
963,4,11,2023,P1011,46,427.52,19665.92
964,5,1,2022,P1018,81,287.0,23247.0
965,3,3,2022,P1001,11,45.46,500.06
966,5,4,2024,P1016,36,102.97,3706.92
967,15,1,2022,P1004,56,264.37,14804.72
968,10,8,2023,P1019,24,465.66,11175.84
969,22,11,2023,P1014,86,147.21,12660.06
970,6,8,2023,P1015,49,350.18,17158.82
971,12,2,2022,P1018,52,145.47,7564.44
972,23,3,2023,P1007,54,54.32,2933.28
973,19,10,2022,P1017,90,301.49,27134.1
974,18,7,2024,P1011,1,60.99,60.99
975,7,4,2023,P1015,88,498.05,43828.4
976,28,10,2024,P1012,4,368.01,1472.04
977,16,11,2022,P1014,95,351.33,33376.35
978,27,5,2023,P1020,63,133.85,8432.55
979,4,2,2024,P1002,17,365.89,6220.13
980,19,1,2024,P1017,72,160.43,11550.96
981,28,8,2023,P1011,61,49.41,3014.01
982,9,4,2023,P1007,6,477.53,2865.18
983,4,6,2022,P1015,61,378.02,23059.22
984,20,12,2023,P1019,22,65.77,1446.94
985,21,5,2023,P1016,34,316.47,10759.98
986,5,7,2023,P1018,94,25.77,2422.38
987,8,3,2022,P1008,53,306.0,16218.0
988,3,9,2022,P1009,93,278.46,25896.78
989,27,2,2024,P1007,43,62.28,2678.04
990,24,12,2022,P1007,22,219.77,4834.94
991,13,10,2023,P1006,18,306.4,5515.2
992,24,11,2022,P1007,46,180.52,8303.92
993,11,4,2024,P1011,57,254.6,14512.2
994,4,11,2024,P1017,86,174.32,14991.52
995,15,9,2022,P1020,25,191.6,4790.0
996,6,8,2022,P1003,12,217.13,2605.56
997,13,8,2024,P1008,73,96.97,7078.81
998,28,6,2024,P1008,41,365.04,14966.64
999,6,9,2024,P1003,17,95.7,1626.9
1000,14,9,2023,P1003,1,48.08,48.08
